CHR,SNP,BP,FREQ_AD,FREQ_CON,NMISS,OR_logis,L95,U95,P_logis
1,rs5744177,223283837,0.007955,0.01141,4854,0.5269,0.3082,0.901,0.01924
1,rs56243703,223284069,0.004868,0.005309,4888,1.212,0.5933,2.478,0.5973
1,rs5744175,223284444,0.008102,0.01134,4893,0.527,0.3085,0.9002,0.01904
1,rs5744174,223284528,0.4309,0.4396,4812,0.9442,0.8485,1.051,0.2926
1,rs5744168,223285200,0.06131,0.05513,4883,1.297,1.045,1.608,0.01807
