CHR,SNP,BP,FREQ_AD,FREQ_CON,NMISS,OR_logis,L95,U95,P_logis
1,rs5744177,223283837,0.009984,0.01053,2867,0.8616,0.4516,1.644,0.6514
1,rs56243703,223284069,0.004792,0.005573,2867,1.078,0.4534,2.563,0.8651
1,rs5744175,223284444,0.009984,0.01053,2866,0.861,0.4513,1.643,0.6497
1,rs5744174,223284528,0.4181,0.4446,2867,0.8751,0.771,0.9933,0.039
