CHR,SNP,BP,FREQ_AD,FREQ_CON,NMISS,OR_logis,L95,U95,P_logis
1,rs5744177,223283837,0.009912,0.011,954,1.04,0.3006,3.598,0.9506
1,rs56243703,223284069,0.003304,0.007,954,0.2488,0.02985,2.073,0.1984
1,rs5744175,223284444,0.009912,0.01102,953,1.037,0.2998,3.588,0.954
1,rs5744174,223284528,0.4108,0.464,954,0.8166,0.6383,1.045,0.1068
